"Year","Month","Temp","Precip"
2000,1,0.734860623267412,40.1250036826241
2000,2,4.10626136516705,105.474997451529
2000,3,6.25436086347028,72.4999987563933
2000,4,10.1611511230469,84.9750126581057
2000,5,15.0539071359942,150.600011064671
2000,6,18.1139002482097,49.3000063695945
2000,7,16.1781338599421,174.249998147388
2000,8,19.0885352350051,127.57500213047
2000,9,15.6157475789388,110.625002393863
2000,10,11.1594438122165,89.6249975929095
2000,11,6.34569346110028,100.600006055902
2000,12,4.2276323872228,52.4250035639852
2001,1,0.734860623267412,40.1250036826241
2001,2,4.10626136516705,105.474997451529
2001,3,6.25436086347028,72.4999987563933
2001,4,10.1611511230469,84.9750126581057
2001,5,15.0539071359942,150.600011064671
2001,6,18.1139002482097,49.3000063695945
2001,7,16.1781338599421,174.249998147388
2001,8,19.0885352350051,127.57500213047
2001,9,15.6157475789388,110.625002393863
2001,10,11.1594438122165,89.6249975929095
2001,11,6.34569346110028,100.600006055902
2001,12,4.2276323872228,52.4250035639852
2002,1,0.734860623267412,40.1250036826241
2002,2,4.10626136516705,105.474997451529
2002,3,6.25436086347028,72.4999987563933
2002,4,10.1611511230469,84.9750126581057
2002,5,15.0539071359942,150.600011064671
2002,6,18.1139002482097,49.3000063695945
2002,7,16.1781338599421,174.249998147388
2002,8,19.0885352350051,127.57500213047
2002,9,15.6157475789388,110.625002393863
2002,10,11.1594438122165,89.6249975929095
2002,11,6.34569346110028,100.600006055902
2002,12,4.2276323872228,52.4250035639852
2003,1,0.734860623267412,40.1250036826241
2003,2,4.10626136516705,105.474997451529
2003,3,6.25436086347028,72.4999987563933
2003,4,10.1611511230469,84.9750126581057
2003,5,15.0539071359942,150.600011064671
2003,6,18.1139002482097,49.3000063695945
2003,7,16.1781338599421,174.249998147388
2003,8,19.0885352350051,127.57500213047
2003,9,15.6157475789388,110.625002393863
2003,10,11.1594438122165,89.6249975929095
2003,11,6.34569346110028,100.600006055902
2003,12,4.2276323872228,52.4250035639852
2004,1,0.734860623267412,40.1250036826241
2004,2,4.10626136516705,105.474997451529
2004,3,6.25436086347028,72.4999987563933
2004,4,10.1611511230469,84.9750126581057
2004,5,15.0539071359942,150.600011064671
2004,6,18.1139002482097,49.3000063695945
2004,7,16.1781338599421,174.249998147388
2004,8,19.0885352350051,127.57500213047
2004,9,15.6157475789388,110.625002393863
2004,10,11.1594438122165,89.6249975929095
2004,11,6.34569346110028,100.600006055902
2004,12,4.2276323872228,52.4250035639852
2005,1,0.734860623267412,40.1250036826241
2005,2,4.10626136516705,105.474997451529
2005,3,6.25436086347028,72.4999987563933
2005,4,10.1611511230469,84.9750126581057
2005,5,15.0539071359942,150.600011064671
2005,6,18.1139002482097,49.3000063695945
2005,7,16.1781338599421,174.249998147388
2005,8,19.0885352350051,127.57500213047
2005,9,15.6157475789388,110.625002393863
2005,10,11.1594438122165,89.6249975929095
2005,11,6.34569346110028,100.600006055902
2005,12,4.2276323872228,52.4250035639852
2006,1,0.734860623267412,40.1250036826241
2006,2,4.10626136516705,105.474997451529
2006,3,6.25436086347028,72.4999987563933
2006,4,10.1611511230469,84.9750126581057
2006,5,15.0539071359942,150.600011064671
2006,6,18.1139002482097,49.3000063695945
2006,7,16.1781338599421,174.249998147388
2006,8,19.0885352350051,127.57500213047
2006,9,15.6157475789388,110.625002393863
2006,10,11.1594438122165,89.6249975929095
2006,11,6.34569346110028,100.600006055902
2006,12,4.2276323872228,52.4250035639852
2007,1,0.734860623267412,40.1250036826241
2007,2,4.10626136516705,105.474997451529
2007,3,6.25436086347028,72.4999987563933
2007,4,10.1611511230469,84.9750126581057
2007,5,15.0539071359942,150.600011064671
2007,6,18.1139002482097,49.3000063695945
2007,7,16.1781338599421,174.249998147388
2007,8,19.0885352350051,127.57500213047
2007,9,15.6157475789388,110.625002393863
2007,10,11.1594438122165,89.6249975929095
2007,11,6.34569346110028,100.600006055902
2007,12,4.2276323872228,52.4250035639852
2008,1,0.734860623267412,40.1250036826241
2008,2,4.10626136516705,105.474997451529
2008,3,6.25436086347028,72.4999987563933
2008,4,10.1611511230469,84.9750126581057
2008,5,15.0539071359942,150.600011064671
2008,6,18.1139002482097,49.3000063695945
2008,7,16.1781338599421,174.249998147388
2008,8,19.0885352350051,127.57500213047
2008,9,15.6157475789388,110.625002393863
2008,10,11.1594438122165,89.6249975929095
2008,11,6.34569346110028,100.600006055902
2008,12,4.2276323872228,52.4250035639852
2009,1,0.734860623267412,40.1250036826241
2009,2,4.10626136516705,105.474997451529
2009,3,6.25436086347028,72.4999987563933
2009,4,10.1611511230469,84.9750126581057
2009,5,15.0539071359942,150.600011064671
2009,6,18.1139002482097,49.3000063695945
2009,7,16.1781338599421,174.249998147388
2009,8,19.0885352350051,127.57500213047
2009,9,15.6157475789388,110.625002393863
2009,10,11.1594438122165,89.6249975929095
2009,11,6.34569346110028,100.600006055902
2009,12,4.2276323872228,52.4250035639852
2010,1,0.734860623267412,40.1250036826241
2010,2,4.10626136516705,105.474997451529
2010,3,6.25436086347028,72.4999987563933
2010,4,10.1611511230469,84.9750126581057
2010,5,15.0539071359942,150.600011064671
2010,6,18.1139002482097,49.3000063695945
2010,7,16.1781338599421,174.249998147388
2010,8,19.0885352350051,127.57500213047
2010,9,15.6157475789388,110.625002393863
2010,10,11.1594438122165,89.6249975929095
2010,11,6.34569346110028,100.600006055902
2010,12,4.2276323872228,52.4250035639852
2011,1,0.734860623267412,40.1250036826241
2011,2,4.10626136516705,105.474997451529
2011,3,6.25436086347028,72.4999987563933
2011,4,10.1611511230469,84.9750126581057
2011,5,15.0539071359942,150.600011064671
2011,6,18.1139002482097,49.3000063695945
2011,7,16.1781338599421,174.249998147388
2011,8,19.0885352350051,127.57500213047
2011,9,15.6157475789388,110.625002393863
2011,10,11.1594438122165,89.6249975929095
2011,11,6.34569346110028,100.600006055902
2011,12,4.2276323872228,52.4250035639852
2012,1,0.734860623267412,40.1250036826241
2012,2,4.10626136516705,105.474997451529
2012,3,6.25436086347028,72.4999987563933
2012,4,10.1611511230469,84.9750126581057
2012,5,15.0539071359942,150.600011064671
2012,6,18.1139002482097,49.3000063695945
2012,7,16.1781338599421,174.249998147388
2012,8,19.0885352350051,127.57500213047
2012,9,15.6157475789388,110.625002393863
2012,10,11.1594438122165,89.6249975929095
2012,11,6.34569346110028,100.600006055902
2012,12,4.2276323872228,52.4250035639852
2013,1,0.734860623267412,40.1250036826241
2013,2,4.10626136516705,105.474997451529
2013,3,6.25436086347028,72.4999987563933
2013,4,10.1611511230469,84.9750126581057
2013,5,15.0539071359942,150.600011064671
2013,6,18.1139002482097,49.3000063695945
2013,7,16.1781338599421,174.249998147388
2013,8,19.0885352350051,127.57500213047
2013,9,15.6157475789388,110.625002393863
2013,10,11.1594438122165,89.6249975929095
2013,11,6.34569346110028,100.600006055902
2013,12,4.2276323872228,52.4250035639852
2014,1,0.734860623267412,40.1250036826241
2014,2,4.10626136516705,105.474997451529
2014,3,6.25436086347028,72.4999987563933
2014,4,10.1611511230469,84.9750126581057
2014,5,15.0539071359942,150.600011064671
2014,6,18.1139002482097,49.3000063695945
2014,7,16.1781338599421,174.249998147388
2014,8,19.0885352350051,127.57500213047
2014,9,15.6157475789388,110.625002393863
2014,10,11.1594438122165,89.6249975929095
2014,11,6.34569346110028,100.600006055902
2014,12,4.2276323872228,52.4250035639852
2015,1,0.734860623267412,40.1250036826241
2015,2,4.10626136516705,105.474997451529
2015,3,6.25436086347028,72.4999987563933
2015,4,10.1611511230469,84.9750126581057
2015,5,15.0539071359942,150.600011064671
2015,6,18.1139002482097,49.3000063695945
2015,7,16.1781338599421,174.249998147388
2015,8,19.0885352350051,127.57500213047
2015,9,15.6157475789388,110.625002393863
2015,10,11.1594438122165,89.6249975929095
2015,11,6.34569346110028,100.600006055902
2015,12,4.2276323872228,52.4250035639852
2016,1,0.734860623267412,40.1250036826241
2016,2,4.10626136516705,105.474997451529
2016,3,6.25436086347028,72.4999987563933
2016,4,10.1611511230469,84.9750126581057
2016,5,15.0539071359942,150.600011064671
2016,6,18.1139002482097,49.3000063695945
2016,7,16.1781338599421,174.249998147388
2016,8,19.0885352350051,127.57500213047
2016,9,15.6157475789388,110.625002393863
2016,10,11.1594438122165,89.6249975929095
2016,11,6.34569346110028,100.600006055902
2016,12,4.2276323872228,52.4250035639852
2017,1,0.734860623267412,40.1250036826241
2017,2,4.10626136516705,105.474997451529
2017,3,6.25436086347028,72.4999987563933
2017,4,10.1611511230469,84.9750126581057
2017,5,15.0539071359942,150.600011064671
2017,6,18.1139002482097,49.3000063695945
2017,7,16.1781338599421,174.249998147388
2017,8,19.0885352350051,127.57500213047
2017,9,15.6157475789388,110.625002393863
2017,10,11.1594438122165,89.6249975929095
2017,11,6.34569346110028,100.600006055902
2017,12,4.2276323872228,52.4250035639852
2018,1,0.734860623267412,40.1250036826241
2018,2,4.10626136516705,105.474997451529
2018,3,6.25436086347028,72.4999987563933
2018,4,10.1611511230469,84.9750126581057
2018,5,15.0539071359942,150.600011064671
2018,6,18.1139002482097,49.3000063695945
2018,7,16.1781338599421,174.249998147388
2018,8,19.0885352350051,127.57500213047
2018,9,15.6157475789388,110.625002393863
2018,10,11.1594438122165,89.6249975929095
2018,11,6.34569346110028,100.600006055902
2018,12,4.2276323872228,52.4250035639852
2019,1,0.734860623267412,40.1250036826241
2019,2,4.10626136516705,105.474997451529
2019,3,6.25436086347028,72.4999987563933
2019,4,10.1611511230469,84.9750126581057
2019,5,15.0539071359942,150.600011064671
2019,6,18.1139002482097,49.3000063695945
2019,7,16.1781338599421,174.249998147388
2019,8,19.0885352350051,127.57500213047
2019,9,15.6157475789388,110.625002393863
2019,10,11.1594438122165,89.6249975929095
2019,11,6.34569346110028,100.600006055902
2019,12,4.2276323872228,52.4250035639852
2020,1,0.734860623267412,40.1250036826241
2020,2,4.10626136516705,105.474997451529
2020,3,6.25436086347028,72.4999987563933
2020,4,10.1611511230469,84.9750126581057
2020,5,15.0539071359942,150.600011064671
2020,6,18.1139002482097,49.3000063695945
2020,7,16.1781338599421,174.249998147388
2020,8,19.0885352350051,127.57500213047
2020,9,15.6157475789388,110.625002393863
2020,10,11.1594438122165,89.6249975929095
2020,11,6.34569346110028,100.600006055902
2020,12,4.2276323872228,52.4250035639852
2021,1,0.734860623267412,40.1250036826241
2021,2,4.10626136516705,105.474997451529
2021,3,6.25436086347028,72.4999987563933
2021,4,10.1611511230469,84.9750126581057
2021,5,15.0539071359942,150.600011064671
2021,6,18.1139002482097,49.3000063695945
2021,7,16.1781338599421,174.249998147388
2021,8,19.0885352350051,127.57500213047
2021,9,15.6157475789388,110.625002393863
2021,10,11.1594438122165,89.6249975929095
2021,11,6.34569346110028,100.600006055902
2021,12,4.2276323872228,52.4250035639852
2022,1,0.734860623267412,40.1250036826241
2022,2,4.10626136516705,105.474997451529
2022,3,6.25436086347028,72.4999987563933
2022,4,10.1611511230469,84.9750126581057
2022,5,15.0539071359942,150.600011064671
2022,6,18.1139002482097,49.3000063695945
2022,7,16.1781338599421,174.249998147388
2022,8,19.0885352350051,127.57500213047
2022,9,15.6157475789388,110.625002393863
2022,10,11.1594438122165,89.6249975929095
2022,11,6.34569346110028,100.600006055902
2022,12,4.2276323872228,52.4250035639852
2023,1,0.734860623267412,40.1250036826241
2023,2,4.10626136516705,105.474997451529
2023,3,6.25436086347028,72.4999987563933
2023,4,10.1611511230469,84.9750126581057
2023,5,15.0539071359942,150.600011064671
2023,6,18.1139002482097,49.3000063695945
2023,7,16.1781338599421,174.249998147388
2023,8,19.0885352350051,127.57500213047
2023,9,15.6157475789388,110.625002393863
2023,10,11.1594438122165,89.6249975929095
2023,11,6.34569346110028,100.600006055902
2023,12,4.2276323872228,52.4250035639852
2024,1,0.734860623267412,40.1250036826241
2024,2,4.10626136516705,105.474997451529
2024,3,6.25436086347028,72.4999987563933
2024,4,10.1611511230469,84.9750126581057
2024,5,15.0539071359942,150.600011064671
2024,6,18.1139002482097,49.3000063695945
2024,7,16.1781338599421,174.249998147388
2024,8,19.0885352350051,127.57500213047
2024,9,15.6157475789388,110.625002393863
2024,10,11.1594438122165,89.6249975929095
2024,11,6.34569346110028,100.600006055902
2024,12,4.2276323872228,52.4250035639852
2025,1,0.734860623267412,40.1250036826241
2025,2,4.10626136516705,105.474997451529
2025,3,6.25436086347028,72.4999987563933
2025,4,10.1611511230469,84.9750126581057
2025,5,15.0539071359942,150.600011064671
2025,6,18.1139002482097,49.3000063695945
2025,7,16.1781338599421,174.249998147388
2025,8,19.0885352350051,127.57500213047
2025,9,15.6157475789388,110.625002393863
2025,10,11.1594438122165,89.6249975929095
2025,11,6.34569346110028,100.600006055902
2025,12,4.2276323872228,52.4250035639852
2026,1,0.734860623267412,40.1250036826241
2026,2,4.10626136516705,105.474997451529
2026,3,6.25436086347028,72.4999987563933
2026,4,10.1611511230469,84.9750126581057
2026,5,15.0539071359942,150.600011064671
2026,6,18.1139002482097,49.3000063695945
2026,7,16.1781338599421,174.249998147388
2026,8,19.0885352350051,127.57500213047
2026,9,15.6157475789388,110.625002393863
2026,10,11.1594438122165,89.6249975929095
2026,11,6.34569346110028,100.600006055902
2026,12,4.2276323872228,52.4250035639852
2027,1,0.734860623267412,40.1250036826241
2027,2,4.10626136516705,105.474997451529
2027,3,6.25436086347028,72.4999987563933
2027,4,10.1611511230469,84.9750126581057
2027,5,15.0539071359942,150.600011064671
2027,6,18.1139002482097,49.3000063695945
2027,7,16.1781338599421,174.249998147388
2027,8,19.0885352350051,127.57500213047
2027,9,15.6157475789388,110.625002393863
2027,10,11.1594438122165,89.6249975929095
2027,11,6.34569346110028,100.600006055902
2027,12,4.2276323872228,52.4250035639852
2028,1,0.734860623267412,40.1250036826241
2028,2,4.10626136516705,105.474997451529
2028,3,6.25436086347028,72.4999987563933
2028,4,10.1611511230469,84.9750126581057
2028,5,15.0539071359942,150.600011064671
2028,6,18.1139002482097,49.3000063695945
2028,7,16.1781338599421,174.249998147388
2028,8,19.0885352350051,127.57500213047
2028,9,15.6157475789388,110.625002393863
2028,10,11.1594438122165,89.6249975929095
2028,11,6.34569346110028,100.600006055902
2028,12,4.2276323872228,52.4250035639852
2029,1,0.734860623267412,40.1250036826241
2029,2,4.10626136516705,105.474997451529
2029,3,6.25436086347028,72.4999987563933
2029,4,10.1611511230469,84.9750126581057
2029,5,15.0539071359942,150.600011064671
2029,6,18.1139002482097,49.3000063695945
2029,7,16.1781338599421,174.249998147388
2029,8,19.0885352350051,127.57500213047
2029,9,15.6157475789388,110.625002393863
2029,10,11.1594438122165,89.6249975929095
2029,11,6.34569346110028,100.600006055902
2029,12,4.2276323872228,52.4250035639852
2030,1,0.734860623267412,40.1250036826241
2030,2,4.10626136516705,105.474997451529
2030,3,6.25436086347028,72.4999987563933
2030,4,10.1611511230469,84.9750126581057
2030,5,15.0539071359942,150.600011064671
2030,6,18.1139002482097,49.3000063695945
2030,7,16.1781338599421,174.249998147388
2030,8,19.0885352350051,127.57500213047
2030,9,15.6157475789388,110.625002393863
2030,10,11.1594438122165,89.6249975929095
2030,11,6.34569346110028,100.600006055902
2030,12,4.2276323872228,52.4250035639852
2031,1,0.734860623267412,40.1250036826241
2031,2,4.10626136516705,105.474997451529
2031,3,6.25436086347028,72.4999987563933
2031,4,10.1611511230469,84.9750126581057
2031,5,15.0539071359942,150.600011064671
2031,6,18.1139002482097,49.3000063695945
2031,7,16.1781338599421,174.249998147388
2031,8,19.0885352350051,127.57500213047
2031,9,15.6157475789388,110.625002393863
2031,10,11.1594438122165,89.6249975929095
2031,11,6.34569346110028,100.600006055902
2031,12,4.2276323872228,52.4250035639852
2032,1,0.734860623267412,40.1250036826241
2032,2,4.10626136516705,105.474997451529
2032,3,6.25436086347028,72.4999987563933
2032,4,10.1611511230469,84.9750126581057
2032,5,15.0539071359942,150.600011064671
2032,6,18.1139002482097,49.3000063695945
2032,7,16.1781338599421,174.249998147388
2032,8,19.0885352350051,127.57500213047
2032,9,15.6157475789388,110.625002393863
2032,10,11.1594438122165,89.6249975929095
2032,11,6.34569346110028,100.600006055902
2032,12,4.2276323872228,52.4250035639852
2033,1,0.734860623267412,40.1250036826241
2033,2,4.10626136516705,105.474997451529
2033,3,6.25436086347028,72.4999987563933
2033,4,10.1611511230469,84.9750126581057
2033,5,15.0539071359942,150.600011064671
2033,6,18.1139002482097,49.3000063695945
2033,7,16.1781338599421,174.249998147388
2033,8,19.0885352350051,127.57500213047
2033,9,15.6157475789388,110.625002393863
2033,10,11.1594438122165,89.6249975929095
2033,11,6.34569346110028,100.600006055902
2033,12,4.2276323872228,52.4250035639852
2034,1,0.734860623267412,40.1250036826241
2034,2,4.10626136516705,105.474997451529
2034,3,6.25436086347028,72.4999987563933
2034,4,10.1611511230469,84.9750126581057
2034,5,15.0539071359942,150.600011064671
2034,6,18.1139002482097,49.3000063695945
2034,7,16.1781338599421,174.249998147388
2034,8,19.0885352350051,127.57500213047
2034,9,15.6157475789388,110.625002393863
2034,10,11.1594438122165,89.6249975929095
2034,11,6.34569346110028,100.600006055902
2034,12,4.2276323872228,52.4250035639852
2035,1,0.734860623267412,40.1250036826241
2035,2,4.10626136516705,105.474997451529
2035,3,6.25436086347028,72.4999987563933
2035,4,10.1611511230469,84.9750126581057
2035,5,15.0539071359942,150.600011064671
2035,6,18.1139002482097,49.3000063695945
2035,7,16.1781338599421,174.249998147388
2035,8,19.0885352350051,127.57500213047
2035,9,15.6157475789388,110.625002393863
2035,10,11.1594438122165,89.6249975929095
2035,11,6.34569346110028,100.600006055902
2035,12,4.2276323872228,52.4250035639852
2036,1,0.734860623267412,40.1250036826241
2036,2,4.10626136516705,105.474997451529
2036,3,6.25436086347028,72.4999987563933
2036,4,10.1611511230469,84.9750126581057
2036,5,15.0539071359942,150.600011064671
2036,6,18.1139002482097,49.3000063695945
2036,7,16.1781338599421,174.249998147388
2036,8,19.0885352350051,127.57500213047
2036,9,15.6157475789388,110.625002393863
2036,10,11.1594438122165,89.6249975929095
2036,11,6.34569346110028,100.600006055902
2036,12,4.2276323872228,52.4250035639852
2037,1,0.734860623267412,40.1250036826241
2037,2,4.10626136516705,105.474997451529
2037,3,6.25436086347028,72.4999987563933
2037,4,10.1611511230469,84.9750126581057
2037,5,15.0539071359942,150.600011064671
2037,6,18.1139002482097,49.3000063695945
2037,7,16.1781338599421,174.249998147388
2037,8,19.0885352350051,127.57500213047
2037,9,15.6157475789388,110.625002393863
2037,10,11.1594438122165,89.6249975929095
2037,11,6.34569346110028,100.600006055902
2037,12,4.2276323872228,52.4250035639852
2038,1,0.734860623267412,40.1250036826241
2038,2,4.10626136516705,105.474997451529
2038,3,6.25436086347028,72.4999987563933
2038,4,10.1611511230469,84.9750126581057
2038,5,15.0539071359942,150.600011064671
2038,6,18.1139002482097,49.3000063695945
2038,7,16.1781338599421,174.249998147388
2038,8,19.0885352350051,127.57500213047
2038,9,15.6157475789388,110.625002393863
2038,10,11.1594438122165,89.6249975929095
2038,11,6.34569346110028,100.600006055902
2038,12,4.2276323872228,52.4250035639852
2039,1,0.734860623267412,40.1250036826241
2039,2,4.10626136516705,105.474997451529
2039,3,6.25436086347028,72.4999987563933
2039,4,10.1611511230469,84.9750126581057
2039,5,15.0539071359942,150.600011064671
2039,6,18.1139002482097,49.3000063695945
2039,7,16.1781338599421,174.249998147388
2039,8,19.0885352350051,127.57500213047
2039,9,15.6157475789388,110.625002393863
2039,10,11.1594438122165,89.6249975929095
2039,11,6.34569346110028,100.600006055902
2039,12,4.2276323872228,52.4250035639852
2040,1,0.734860623267412,40.1250036826241
2040,2,4.10626136516705,105.474997451529
2040,3,6.25436086347028,72.4999987563933
2040,4,10.1611511230469,84.9750126581057
2040,5,15.0539071359942,150.600011064671
2040,6,18.1139002482097,49.3000063695945
2040,7,16.1781338599421,174.249998147388
2040,8,19.0885352350051,127.57500213047
2040,9,15.6157475789388,110.625002393863
2040,10,11.1594438122165,89.6249975929095
2040,11,6.34569346110028,100.600006055902
2040,12,4.2276323872228,52.4250035639852
2041,1,0.734860623267412,40.1250036826241
2041,2,4.10626136516705,105.474997451529
2041,3,6.25436086347028,72.4999987563933
2041,4,10.1611511230469,84.9750126581057
2041,5,15.0539071359942,150.600011064671
2041,6,18.1139002482097,49.3000063695945
2041,7,16.1781338599421,174.249998147388
2041,8,19.0885352350051,127.57500213047
2041,9,15.6157475789388,110.625002393863
2041,10,11.1594438122165,89.6249975929095
2041,11,6.34569346110028,100.600006055902
2041,12,4.2276323872228,52.4250035639852
2042,1,0.734860623267412,40.1250036826241
2042,2,4.10626136516705,105.474997451529
2042,3,6.25436086347028,72.4999987563933
2042,4,10.1611511230469,84.9750126581057
2042,5,15.0539071359942,150.600011064671
2042,6,18.1139002482097,49.3000063695945
2042,7,16.1781338599421,174.249998147388
2042,8,19.0885352350051,127.57500213047
2042,9,15.6157475789388,110.625002393863
2042,10,11.1594438122165,89.6249975929095
2042,11,6.34569346110028,100.600006055902
2042,12,4.2276323872228,52.4250035639852
2043,1,0.734860623267412,40.1250036826241
2043,2,4.10626136516705,105.474997451529
2043,3,6.25436086347028,72.4999987563933
2043,4,10.1611511230469,84.9750126581057
2043,5,15.0539071359942,150.600011064671
2043,6,18.1139002482097,49.3000063695945
2043,7,16.1781338599421,174.249998147388
2043,8,19.0885352350051,127.57500213047
2043,9,15.6157475789388,110.625002393863
2043,10,11.1594438122165,89.6249975929095
2043,11,6.34569346110028,100.600006055902
2043,12,4.2276323872228,52.4250035639852
2044,1,0.734860623267412,40.1250036826241
2044,2,4.10626136516705,105.474997451529
2044,3,6.25436086347028,72.4999987563933
2044,4,10.1611511230469,84.9750126581057
2044,5,15.0539071359942,150.600011064671
2044,6,18.1139002482097,49.3000063695945
2044,7,16.1781338599421,174.249998147388
2044,8,19.0885352350051,127.57500213047
2044,9,15.6157475789388,110.625002393863
2044,10,11.1594438122165,89.6249975929095
2044,11,6.34569346110028,100.600006055902
2044,12,4.2276323872228,52.4250035639852
2045,1,0.734860623267412,40.1250036826241
2045,2,4.10626136516705,105.474997451529
2045,3,6.25436086347028,72.4999987563933
2045,4,10.1611511230469,84.9750126581057
2045,5,15.0539071359942,150.600011064671
2045,6,18.1139002482097,49.3000063695945
2045,7,16.1781338599421,174.249998147388
2045,8,19.0885352350051,127.57500213047
2045,9,15.6157475789388,110.625002393863
2045,10,11.1594438122165,89.6249975929095
2045,11,6.34569346110028,100.600006055902
2045,12,4.2276323872228,52.4250035639852
2046,1,0.734860623267412,40.1250036826241
2046,2,4.10626136516705,105.474997451529
2046,3,6.25436086347028,72.4999987563933
2046,4,10.1611511230469,84.9750126581057
2046,5,15.0539071359942,150.600011064671
2046,6,18.1139002482097,49.3000063695945
2046,7,16.1781338599421,174.249998147388
2046,8,19.0885352350051,127.57500213047
2046,9,15.6157475789388,110.625002393863
2046,10,11.1594438122165,89.6249975929095
2046,11,6.34569346110028,100.600006055902
2046,12,4.2276323872228,52.4250035639852
2047,1,0.734860623267412,40.1250036826241
2047,2,4.10626136516705,105.474997451529
2047,3,6.25436086347028,72.4999987563933
2047,4,10.1611511230469,84.9750126581057
2047,5,15.0539071359942,150.600011064671
2047,6,18.1139002482097,49.3000063695945
2047,7,16.1781338599421,174.249998147388
2047,8,19.0885352350051,127.57500213047
2047,9,15.6157475789388,110.625002393863
2047,10,11.1594438122165,89.6249975929095
2047,11,6.34569346110028,100.600006055902
2047,12,4.2276323872228,52.4250035639852
2048,1,0.734860623267412,40.1250036826241
2048,2,4.10626136516705,105.474997451529
2048,3,6.25436086347028,72.4999987563933
2048,4,10.1611511230469,84.9750126581057
2048,5,15.0539071359942,150.600011064671
2048,6,18.1139002482097,49.3000063695945
2048,7,16.1781338599421,174.249998147388
2048,8,19.0885352350051,127.57500213047
2048,9,15.6157475789388,110.625002393863
2048,10,11.1594438122165,89.6249975929095
2048,11,6.34569346110028,100.600006055902
2048,12,4.2276323872228,52.4250035639852
2049,1,0.734860623267412,40.1250036826241
2049,2,4.10626136516705,105.474997451529
2049,3,6.25436086347028,72.4999987563933
2049,4,10.1611511230469,84.9750126581057
2049,5,15.0539071359942,150.600011064671
2049,6,18.1139002482097,49.3000063695945
2049,7,16.1781338599421,174.249998147388
2049,8,19.0885352350051,127.57500213047
2049,9,15.6157475789388,110.625002393863
2049,10,11.1594438122165,89.6249975929095
2049,11,6.34569346110028,100.600006055902
2049,12,4.2276323872228,52.4250035639852
2050,1,0.734860623267412,40.1250036826241
2050,2,4.10626136516705,105.474997451529
2050,3,6.25436086347028,72.4999987563933
2050,4,10.1611511230469,84.9750126581057
2050,5,15.0539071359942,150.600011064671
2050,6,18.1139002482097,49.3000063695945
2050,7,16.1781338599421,174.249998147388
2050,8,19.0885352350051,127.57500213047
2050,9,15.6157475789388,110.625002393863
2050,10,11.1594438122165,89.6249975929095
2050,11,6.34569346110028,100.600006055902
2050,12,4.2276323872228,52.4250035639852
2051,1,0.734860623267412,40.1250036826241
2051,2,4.10626136516705,105.474997451529
2051,3,6.25436086347028,72.4999987563933
2051,4,10.1611511230469,84.9750126581057
2051,5,15.0539071359942,150.600011064671
2051,6,18.1139002482097,49.3000063695945
2051,7,16.1781338599421,174.249998147388
2051,8,19.0885352350051,127.57500213047
2051,9,15.6157475789388,110.625002393863
2051,10,11.1594438122165,89.6249975929095
2051,11,6.34569346110028,100.600006055902
2051,12,4.2276323872228,52.4250035639852
2052,1,0.734860623267412,40.1250036826241
2052,2,4.10626136516705,105.474997451529
2052,3,6.25436086347028,72.4999987563933
2052,4,10.1611511230469,84.9750126581057
2052,5,15.0539071359942,150.600011064671
2052,6,18.1139002482097,49.3000063695945
2052,7,16.1781338599421,174.249998147388
2052,8,19.0885352350051,127.57500213047
2052,9,15.6157475789388,110.625002393863
2052,10,11.1594438122165,89.6249975929095
2052,11,6.34569346110028,100.600006055902
2052,12,4.2276323872228,52.4250035639852
2053,1,0.734860623267412,40.1250036826241
2053,2,4.10626136516705,105.474997451529
2053,3,6.25436086347028,72.4999987563933
2053,4,10.1611511230469,84.9750126581057
2053,5,15.0539071359942,150.600011064671
2053,6,18.1139002482097,49.3000063695945
2053,7,16.1781338599421,174.249998147388
2053,8,19.0885352350051,127.57500213047
2053,9,15.6157475789388,110.625002393863
2053,10,11.1594438122165,89.6249975929095
2053,11,6.34569346110028,100.600006055902
2053,12,4.2276323872228,52.4250035639852
2054,1,0.734860623267412,40.1250036826241
2054,2,4.10626136516705,105.474997451529
2054,3,6.25436086347028,72.4999987563933
2054,4,10.1611511230469,84.9750126581057
2054,5,15.0539071359942,150.600011064671
2054,6,18.1139002482097,49.3000063695945
2054,7,16.1781338599421,174.249998147388
2054,8,19.0885352350051,127.57500213047
2054,9,15.6157475789388,110.625002393863
2054,10,11.1594438122165,89.6249975929095
2054,11,6.34569346110028,100.600006055902
2054,12,4.2276323872228,52.4250035639852
2055,1,0.734860623267412,40.1250036826241
2055,2,4.10626136516705,105.474997451529
2055,3,6.25436086347028,72.4999987563933
2055,4,10.1611511230469,84.9750126581057
2055,5,15.0539071359942,150.600011064671
2055,6,18.1139002482097,49.3000063695945
2055,7,16.1781338599421,174.249998147388
2055,8,19.0885352350051,127.57500213047
2055,9,15.6157475789388,110.625002393863
2055,10,11.1594438122165,89.6249975929095
2055,11,6.34569346110028,100.600006055902
2055,12,4.2276323872228,52.4250035639852
2056,1,0.734860623267412,40.1250036826241
2056,2,4.10626136516705,105.474997451529
2056,3,6.25436086347028,72.4999987563933
2056,4,10.1611511230469,84.9750126581057
2056,5,15.0539071359942,150.600011064671
2056,6,18.1139002482097,49.3000063695945
2056,7,16.1781338599421,174.249998147388
2056,8,19.0885352350051,127.57500213047
2056,9,15.6157475789388,110.625002393863
2056,10,11.1594438122165,89.6249975929095
2056,11,6.34569346110028,100.600006055902
2056,12,4.2276323872228,52.4250035639852
2057,1,0.734860623267412,40.1250036826241
2057,2,4.10626136516705,105.474997451529
2057,3,6.25436086347028,72.4999987563933
2057,4,10.1611511230469,84.9750126581057
2057,5,15.0539071359942,150.600011064671
2057,6,18.1139002482097,49.3000063695945
2057,7,16.1781338599421,174.249998147388
2057,8,19.0885352350051,127.57500213047
2057,9,15.6157475789388,110.625002393863
2057,10,11.1594438122165,89.6249975929095
2057,11,6.34569346110028,100.600006055902
2057,12,4.2276323872228,52.4250035639852
2058,1,0.734860623267412,40.1250036826241
2058,2,4.10626136516705,105.474997451529
2058,3,6.25436086347028,72.4999987563933
2058,4,10.1611511230469,84.9750126581057
2058,5,15.0539071359942,150.600011064671
2058,6,18.1139002482097,49.3000063695945
2058,7,16.1781338599421,174.249998147388
2058,8,19.0885352350051,127.57500213047
2058,9,15.6157475789388,110.625002393863
2058,10,11.1594438122165,89.6249975929095
2058,11,6.34569346110028,100.600006055902
2058,12,4.2276323872228,52.4250035639852
2059,1,0.734860623267412,40.1250036826241
2059,2,4.10626136516705,105.474997451529
2059,3,6.25436086347028,72.4999987563933
2059,4,10.1611511230469,84.9750126581057
2059,5,15.0539071359942,150.600011064671
2059,6,18.1139002482097,49.3000063695945
2059,7,16.1781338599421,174.249998147388
2059,8,19.0885352350051,127.57500213047
2059,9,15.6157475789388,110.625002393863
2059,10,11.1594438122165,89.6249975929095
2059,11,6.34569346110028,100.600006055902
2059,12,4.2276323872228,52.4250035639852
2060,1,0.734860623267412,40.1250036826241
2060,2,4.10626136516705,105.474997451529
2060,3,6.25436086347028,72.4999987563933
2060,4,10.1611511230469,84.9750126581057
2060,5,15.0539071359942,150.600011064671
2060,6,18.1139002482097,49.3000063695945
2060,7,16.1781338599421,174.249998147388
2060,8,19.0885352350051,127.57500213047
2060,9,15.6157475789388,110.625002393863
2060,10,11.1594438122165,89.6249975929095
2060,11,6.34569346110028,100.600006055902
2060,12,4.2276323872228,52.4250035639852
2061,1,0.734860623267412,40.1250036826241
2061,2,4.10626136516705,105.474997451529
2061,3,6.25436086347028,72.4999987563933
2061,4,10.1611511230469,84.9750126581057
2061,5,15.0539071359942,150.600011064671
2061,6,18.1139002482097,49.3000063695945
2061,7,16.1781338599421,174.249998147388
2061,8,19.0885352350051,127.57500213047
2061,9,15.6157475789388,110.625002393863
2061,10,11.1594438122165,89.6249975929095
2061,11,6.34569346110028,100.600006055902
2061,12,4.2276323872228,52.4250035639852
2062,1,0.734860623267412,40.1250036826241
2062,2,4.10626136516705,105.474997451529
2062,3,6.25436086347028,72.4999987563933
2062,4,10.1611511230469,84.9750126581057
2062,5,15.0539071359942,150.600011064671
2062,6,18.1139002482097,49.3000063695945
2062,7,16.1781338599421,174.249998147388
2062,8,19.0885352350051,127.57500213047
2062,9,15.6157475789388,110.625002393863
2062,10,11.1594438122165,89.6249975929095
2062,11,6.34569346110028,100.600006055902
2062,12,4.2276323872228,52.4250035639852
2063,1,0.734860623267412,40.1250036826241
2063,2,4.10626136516705,105.474997451529
2063,3,6.25436086347028,72.4999987563933
2063,4,10.1611511230469,84.9750126581057
2063,5,15.0539071359942,150.600011064671
2063,6,18.1139002482097,49.3000063695945
2063,7,16.1781338599421,174.249998147388
2063,8,19.0885352350051,127.57500213047
2063,9,15.6157475789388,110.625002393863
2063,10,11.1594438122165,89.6249975929095
2063,11,6.34569346110028,100.600006055902
2063,12,4.2276323872228,52.4250035639852
2064,1,0.734860623267412,40.1250036826241
2064,2,4.10626136516705,105.474997451529
2064,3,6.25436086347028,72.4999987563933
2064,4,10.1611511230469,84.9750126581057
2064,5,15.0539071359942,150.600011064671
2064,6,18.1139002482097,49.3000063695945
2064,7,16.1781338599421,174.249998147388
2064,8,19.0885352350051,127.57500213047
2064,9,15.6157475789388,110.625002393863
2064,10,11.1594438122165,89.6249975929095
2064,11,6.34569346110028,100.600006055902
2064,12,4.2276323872228,52.4250035639852
2065,1,0.734860623267412,40.1250036826241
2065,2,4.10626136516705,105.474997451529
2065,3,6.25436086347028,72.4999987563933
2065,4,10.1611511230469,84.9750126581057
2065,5,15.0539071359942,150.600011064671
2065,6,18.1139002482097,49.3000063695945
2065,7,16.1781338599421,174.249998147388
2065,8,19.0885352350051,127.57500213047
2065,9,15.6157475789388,110.625002393863
2065,10,11.1594438122165,89.6249975929095
2065,11,6.34569346110028,100.600006055902
2065,12,4.2276323872228,52.4250035639852
2066,1,0.734860623267412,40.1250036826241
2066,2,4.10626136516705,105.474997451529
2066,3,6.25436086347028,72.4999987563933
2066,4,10.1611511230469,84.9750126581057
2066,5,15.0539071359942,150.600011064671
2066,6,18.1139002482097,49.3000063695945
2066,7,16.1781338599421,174.249998147388
2066,8,19.0885352350051,127.57500213047
2066,9,15.6157475789388,110.625002393863
2066,10,11.1594438122165,89.6249975929095
2066,11,6.34569346110028,100.600006055902
2066,12,4.2276323872228,52.4250035639852
2067,1,0.734860623267412,40.1250036826241
2067,2,4.10626136516705,105.474997451529
2067,3,6.25436086347028,72.4999987563933
2067,4,10.1611511230469,84.9750126581057
2067,5,15.0539071359942,150.600011064671
2067,6,18.1139002482097,49.3000063695945
2067,7,16.1781338599421,174.249998147388
2067,8,19.0885352350051,127.57500213047
2067,9,15.6157475789388,110.625002393863
2067,10,11.1594438122165,89.6249975929095
2067,11,6.34569346110028,100.600006055902
2067,12,4.2276323872228,52.4250035639852
2068,1,0.734860623267412,40.1250036826241
2068,2,4.10626136516705,105.474997451529
2068,3,6.25436086347028,72.4999987563933
2068,4,10.1611511230469,84.9750126581057
2068,5,15.0539071359942,150.600011064671
2068,6,18.1139002482097,49.3000063695945
2068,7,16.1781338599421,174.249998147388
2068,8,19.0885352350051,127.57500213047
2068,9,15.6157475789388,110.625002393863
2068,10,11.1594438122165,89.6249975929095
2068,11,6.34569346110028,100.600006055902
2068,12,4.2276323872228,52.4250035639852
2069,1,0.734860623267412,40.1250036826241
2069,2,4.10626136516705,105.474997451529
2069,3,6.25436086347028,72.4999987563933
2069,4,10.1611511230469,84.9750126581057
2069,5,15.0539071359942,150.600011064671
2069,6,18.1139002482097,49.3000063695945
2069,7,16.1781338599421,174.249998147388
2069,8,19.0885352350051,127.57500213047
2069,9,15.6157475789388,110.625002393863
2069,10,11.1594438122165,89.6249975929095
2069,11,6.34569346110028,100.600006055902
2069,12,4.2276323872228,52.4250035639852
2070,1,0.734860623267412,40.1250036826241
2070,2,4.10626136516705,105.474997451529
2070,3,6.25436086347028,72.4999987563933
2070,4,10.1611511230469,84.9750126581057
2070,5,15.0539071359942,150.600011064671
2070,6,18.1139002482097,49.3000063695945
2070,7,16.1781338599421,174.249998147388
2070,8,19.0885352350051,127.57500213047
2070,9,15.6157475789388,110.625002393863
2070,10,11.1594438122165,89.6249975929095
2070,11,6.34569346110028,100.600006055902
2070,12,4.2276323872228,52.4250035639852
2071,1,0.734860623267412,40.1250036826241
2071,2,4.10626136516705,105.474997451529
2071,3,6.25436086347028,72.4999987563933
2071,4,10.1611511230469,84.9750126581057
2071,5,15.0539071359942,150.600011064671
2071,6,18.1139002482097,49.3000063695945
2071,7,16.1781338599421,174.249998147388
2071,8,19.0885352350051,127.57500213047
2071,9,15.6157475789388,110.625002393863
2071,10,11.1594438122165,89.6249975929095
2071,11,6.34569346110028,100.600006055902
2071,12,4.2276323872228,52.4250035639852
2072,1,0.734860623267412,40.1250036826241
2072,2,4.10626136516705,105.474997451529
2072,3,6.25436086347028,72.4999987563933
2072,4,10.1611511230469,84.9750126581057
2072,5,15.0539071359942,150.600011064671
2072,6,18.1139002482097,49.3000063695945
2072,7,16.1781338599421,174.249998147388
2072,8,19.0885352350051,127.57500213047
2072,9,15.6157475789388,110.625002393863
2072,10,11.1594438122165,89.6249975929095
2072,11,6.34569346110028,100.600006055902
2072,12,4.2276323872228,52.4250035639852
2073,1,0.734860623267412,40.1250036826241
2073,2,4.10626136516705,105.474997451529
2073,3,6.25436086347028,72.4999987563933
2073,4,10.1611511230469,84.9750126581057
2073,5,15.0539071359942,150.600011064671
2073,6,18.1139002482097,49.3000063695945
2073,7,16.1781338599421,174.249998147388
2073,8,19.0885352350051,127.57500213047
2073,9,15.6157475789388,110.625002393863
2073,10,11.1594438122165,89.6249975929095
2073,11,6.34569346110028,100.600006055902
2073,12,4.2276323872228,52.4250035639852
2074,1,0.734860623267412,40.1250036826241
2074,2,4.10626136516705,105.474997451529
2074,3,6.25436086347028,72.4999987563933
2074,4,10.1611511230469,84.9750126581057
2074,5,15.0539071359942,150.600011064671
2074,6,18.1139002482097,49.3000063695945
2074,7,16.1781338599421,174.249998147388
2074,8,19.0885352350051,127.57500213047
2074,9,15.6157475789388,110.625002393863
2074,10,11.1594438122165,89.6249975929095
2074,11,6.34569346110028,100.600006055902
2074,12,4.2276323872228,52.4250035639852
2075,1,0.734860623267412,40.1250036826241
2075,2,4.10626136516705,105.474997451529
2075,3,6.25436086347028,72.4999987563933
2075,4,10.1611511230469,84.9750126581057
2075,5,15.0539071359942,150.600011064671
2075,6,18.1139002482097,49.3000063695945
2075,7,16.1781338599421,174.249998147388
2075,8,19.0885352350051,127.57500213047
2075,9,15.6157475789388,110.625002393863
2075,10,11.1594438122165,89.6249975929095
2075,11,6.34569346110028,100.600006055902
2075,12,4.2276323872228,52.4250035639852
2076,1,0.734860623267412,40.1250036826241
2076,2,4.10626136516705,105.474997451529
2076,3,6.25436086347028,72.4999987563933
2076,4,10.1611511230469,84.9750126581057
2076,5,15.0539071359942,150.600011064671
2076,6,18.1139002482097,49.3000063695945
2076,7,16.1781338599421,174.249998147388
2076,8,19.0885352350051,127.57500213047
2076,9,15.6157475789388,110.625002393863
2076,10,11.1594438122165,89.6249975929095
2076,11,6.34569346110028,100.600006055902
2076,12,4.2276323872228,52.4250035639852
2077,1,0.734860623267412,40.1250036826241
2077,2,4.10626136516705,105.474997451529
2077,3,6.25436086347028,72.4999987563933
2077,4,10.1611511230469,84.9750126581057
2077,5,15.0539071359942,150.600011064671
2077,6,18.1139002482097,49.3000063695945
2077,7,16.1781338599421,174.249998147388
2077,8,19.0885352350051,127.57500213047
2077,9,15.6157475789388,110.625002393863
2077,10,11.1594438122165,89.6249975929095
2077,11,6.34569346110028,100.600006055902
2077,12,4.2276323872228,52.4250035639852
2078,1,0.734860623267412,40.1250036826241
2078,2,4.10626136516705,105.474997451529
2078,3,6.25436086347028,72.4999987563933
2078,4,10.1611511230469,84.9750126581057
2078,5,15.0539071359942,150.600011064671
2078,6,18.1139002482097,49.3000063695945
2078,7,16.1781338599421,174.249998147388
2078,8,19.0885352350051,127.57500213047
2078,9,15.6157475789388,110.625002393863
2078,10,11.1594438122165,89.6249975929095
2078,11,6.34569346110028,100.600006055902
2078,12,4.2276323872228,52.4250035639852
2079,1,0.734860623267412,40.1250036826241
2079,2,4.10626136516705,105.474997451529
2079,3,6.25436086347028,72.4999987563933
2079,4,10.1611511230469,84.9750126581057
2079,5,15.0539071359942,150.600011064671
2079,6,18.1139002482097,49.3000063695945
2079,7,16.1781338599421,174.249998147388
2079,8,19.0885352350051,127.57500213047
2079,9,15.6157475789388,110.625002393863
2079,10,11.1594438122165,89.6249975929095
2079,11,6.34569346110028,100.600006055902
2079,12,4.2276323872228,52.4250035639852
2080,1,0.734860623267412,40.1250036826241
2080,2,4.10626136516705,105.474997451529
2080,3,6.25436086347028,72.4999987563933
2080,4,10.1611511230469,84.9750126581057
2080,5,15.0539071359942,150.600011064671
2080,6,18.1139002482097,49.3000063695945
2080,7,16.1781338599421,174.249998147388
2080,8,19.0885352350051,127.57500213047
2080,9,15.6157475789388,110.625002393863
2080,10,11.1594438122165,89.6249975929095
2080,11,6.34569346110028,100.600006055902
2080,12,4.2276323872228,52.4250035639852
2081,1,0.734860623267412,40.1250036826241
2081,2,4.10626136516705,105.474997451529
2081,3,6.25436086347028,72.4999987563933
2081,4,10.1611511230469,84.9750126581057
2081,5,15.0539071359942,150.600011064671
2081,6,18.1139002482097,49.3000063695945
2081,7,16.1781338599421,174.249998147388
2081,8,19.0885352350051,127.57500213047
2081,9,15.6157475789388,110.625002393863
2081,10,11.1594438122165,89.6249975929095
2081,11,6.34569346110028,100.600006055902
2081,12,4.2276323872228,52.4250035639852
2082,1,0.734860623267412,40.1250036826241
2082,2,4.10626136516705,105.474997451529
2082,3,6.25436086347028,72.4999987563933
2082,4,10.1611511230469,84.9750126581057
2082,5,15.0539071359942,150.600011064671
2082,6,18.1139002482097,49.3000063695945
2082,7,16.1781338599421,174.249998147388
2082,8,19.0885352350051,127.57500213047
2082,9,15.6157475789388,110.625002393863
2082,10,11.1594438122165,89.6249975929095
2082,11,6.34569346110028,100.600006055902
2082,12,4.2276323872228,52.4250035639852
2083,1,0.734860623267412,40.1250036826241
2083,2,4.10626136516705,105.474997451529
2083,3,6.25436086347028,72.4999987563933
2083,4,10.1611511230469,84.9750126581057
2083,5,15.0539071359942,150.600011064671
2083,6,18.1139002482097,49.3000063695945
2083,7,16.1781338599421,174.249998147388
2083,8,19.0885352350051,127.57500213047
2083,9,15.6157475789388,110.625002393863
2083,10,11.1594438122165,89.6249975929095
2083,11,6.34569346110028,100.600006055902
2083,12,4.2276323872228,52.4250035639852
2084,1,0.734860623267412,40.1250036826241
2084,2,4.10626136516705,105.474997451529
2084,3,6.25436086347028,72.4999987563933
2084,4,10.1611511230469,84.9750126581057
2084,5,15.0539071359942,150.600011064671
2084,6,18.1139002482097,49.3000063695945
2084,7,16.1781338599421,174.249998147388
2084,8,19.0885352350051,127.57500213047
2084,9,15.6157475789388,110.625002393863
2084,10,11.1594438122165,89.6249975929095
2084,11,6.34569346110028,100.600006055902
2084,12,4.2276323872228,52.4250035639852
2085,1,0.734860623267412,40.1250036826241
2085,2,4.10626136516705,105.474997451529
2085,3,6.25436086347028,72.4999987563933
2085,4,10.1611511230469,84.9750126581057
2085,5,15.0539071359942,150.600011064671
2085,6,18.1139002482097,49.3000063695945
2085,7,16.1781338599421,174.249998147388
2085,8,19.0885352350051,127.57500213047
2085,9,15.6157475789388,110.625002393863
2085,10,11.1594438122165,89.6249975929095
2085,11,6.34569346110028,100.600006055902
2085,12,4.2276323872228,52.4250035639852
2086,1,0.734860623267412,40.1250036826241
2086,2,4.10626136516705,105.474997451529
2086,3,6.25436086347028,72.4999987563933
2086,4,10.1611511230469,84.9750126581057
2086,5,15.0539071359942,150.600011064671
2086,6,18.1139002482097,49.3000063695945
2086,7,16.1781338599421,174.249998147388
2086,8,19.0885352350051,127.57500213047
2086,9,15.6157475789388,110.625002393863
2086,10,11.1594438122165,89.6249975929095
2086,11,6.34569346110028,100.600006055902
2086,12,4.2276323872228,52.4250035639852
2087,1,0.734860623267412,40.1250036826241
2087,2,4.10626136516705,105.474997451529
2087,3,6.25436086347028,72.4999987563933
2087,4,10.1611511230469,84.9750126581057
2087,5,15.0539071359942,150.600011064671
2087,6,18.1139002482097,49.3000063695945
2087,7,16.1781338599421,174.249998147388
2087,8,19.0885352350051,127.57500213047
2087,9,15.6157475789388,110.625002393863
2087,10,11.1594438122165,89.6249975929095
2087,11,6.34569346110028,100.600006055902
2087,12,4.2276323872228,52.4250035639852
2088,1,0.734860623267412,40.1250036826241
2088,2,4.10626136516705,105.474997451529
2088,3,6.25436086347028,72.4999987563933
2088,4,10.1611511230469,84.9750126581057
2088,5,15.0539071359942,150.600011064671
2088,6,18.1139002482097,49.3000063695945
2088,7,16.1781338599421,174.249998147388
2088,8,19.0885352350051,127.57500213047
2088,9,15.6157475789388,110.625002393863
2088,10,11.1594438122165,89.6249975929095
2088,11,6.34569346110028,100.600006055902
2088,12,4.2276323872228,52.4250035639852
2089,1,0.734860623267412,40.1250036826241
2089,2,4.10626136516705,105.474997451529
2089,3,6.25436086347028,72.4999987563933
2089,4,10.1611511230469,84.9750126581057
2089,5,15.0539071359942,150.600011064671
2089,6,18.1139002482097,49.3000063695945
2089,7,16.1781338599421,174.249998147388
2089,8,19.0885352350051,127.57500213047
2089,9,15.6157475789388,110.625002393863
2089,10,11.1594438122165,89.6249975929095
2089,11,6.34569346110028,100.600006055902
2089,12,4.2276323872228,52.4250035639852
2090,1,0.734860623267412,40.1250036826241
2090,2,4.10626136516705,105.474997451529
2090,3,6.25436086347028,72.4999987563933
2090,4,10.1611511230469,84.9750126581057
2090,5,15.0539071359942,150.600011064671
2090,6,18.1139002482097,49.3000063695945
2090,7,16.1781338599421,174.249998147388
2090,8,19.0885352350051,127.57500213047
2090,9,15.6157475789388,110.625002393863
2090,10,11.1594438122165,89.6249975929095
2090,11,6.34569346110028,100.600006055902
2090,12,4.2276323872228,52.4250035639852
2091,1,0.734860623267412,40.1250036826241
2091,2,4.10626136516705,105.474997451529
2091,3,6.25436086347028,72.4999987563933
2091,4,10.1611511230469,84.9750126581057
2091,5,15.0539071359942,150.600011064671
2091,6,18.1139002482097,49.3000063695945
2091,7,16.1781338599421,174.249998147388
2091,8,19.0885352350051,127.57500213047
2091,9,15.6157475789388,110.625002393863
2091,10,11.1594438122165,89.6249975929095
2091,11,6.34569346110028,100.600006055902
2091,12,4.2276323872228,52.4250035639852
2092,1,0.734860623267412,40.1250036826241
2092,2,4.10626136516705,105.474997451529
2092,3,6.25436086347028,72.4999987563933
2092,4,10.1611511230469,84.9750126581057
2092,5,15.0539071359942,150.600011064671
2092,6,18.1139002482097,49.3000063695945
2092,7,16.1781338599421,174.249998147388
2092,8,19.0885352350051,127.57500213047
2092,9,15.6157475789388,110.625002393863
2092,10,11.1594438122165,89.6249975929095
2092,11,6.34569346110028,100.600006055902
2092,12,4.2276323872228,52.4250035639852
2093,1,0.734860623267412,40.1250036826241
2093,2,4.10626136516705,105.474997451529
2093,3,6.25436086347028,72.4999987563933
2093,4,10.1611511230469,84.9750126581057
2093,5,15.0539071359942,150.600011064671
2093,6,18.1139002482097,49.3000063695945
2093,7,16.1781338599421,174.249998147388
2093,8,19.0885352350051,127.57500213047
2093,9,15.6157475789388,110.625002393863
2093,10,11.1594438122165,89.6249975929095
2093,11,6.34569346110028,100.600006055902
2093,12,4.2276323872228,52.4250035639852
2094,1,0.734860623267412,40.1250036826241
2094,2,4.10626136516705,105.474997451529
2094,3,6.25436086347028,72.4999987563933
2094,4,10.1611511230469,84.9750126581057
2094,5,15.0539071359942,150.600011064671
2094,6,18.1139002482097,49.3000063695945
2094,7,16.1781338599421,174.249998147388
2094,8,19.0885352350051,127.57500213047
2094,9,15.6157475789388,110.625002393863
2094,10,11.1594438122165,89.6249975929095
2094,11,6.34569346110028,100.600006055902
2094,12,4.2276323872228,52.4250035639852
2095,1,0.734860623267412,40.1250036826241
2095,2,4.10626136516705,105.474997451529
2095,3,6.25436086347028,72.4999987563933
2095,4,10.1611511230469,84.9750126581057
2095,5,15.0539071359942,150.600011064671
2095,6,18.1139002482097,49.3000063695945
2095,7,16.1781338599421,174.249998147388
2095,8,19.0885352350051,127.57500213047
2095,9,15.6157475789388,110.625002393863
2095,10,11.1594438122165,89.6249975929095
2095,11,6.34569346110028,100.600006055902
2095,12,4.2276323872228,52.4250035639852
2096,1,0.734860623267412,40.1250036826241
2096,2,4.10626136516705,105.474997451529
2096,3,6.25436086347028,72.4999987563933
2096,4,10.1611511230469,84.9750126581057
2096,5,15.0539071359942,150.600011064671
2096,6,18.1139002482097,49.3000063695945
2096,7,16.1781338599421,174.249998147388
2096,8,19.0885352350051,127.57500213047
2096,9,15.6157475789388,110.625002393863
2096,10,11.1594438122165,89.6249975929095
2096,11,6.34569346110028,100.600006055902
2096,12,4.2276323872228,52.4250035639852
2097,1,0.734860623267412,40.1250036826241
2097,2,4.10626136516705,105.474997451529
2097,3,6.25436086347028,72.4999987563933
2097,4,10.1611511230469,84.9750126581057
2097,5,15.0539071359942,150.600011064671
2097,6,18.1139002482097,49.3000063695945
2097,7,16.1781338599421,174.249998147388
2097,8,19.0885352350051,127.57500213047
2097,9,15.6157475789388,110.625002393863
2097,10,11.1594438122165,89.6249975929095
2097,11,6.34569346110028,100.600006055902
2097,12,4.2276323872228,52.4250035639852
2098,1,0.734860623267412,40.1250036826241
2098,2,4.10626136516705,105.474997451529
2098,3,6.25436086347028,72.4999987563933
2098,4,10.1611511230469,84.9750126581057
2098,5,15.0539071359942,150.600011064671
2098,6,18.1139002482097,49.3000063695945
2098,7,16.1781338599421,174.249998147388
2098,8,19.0885352350051,127.57500213047
2098,9,15.6157475789388,110.625002393863
2098,10,11.1594438122165,89.6249975929095
2098,11,6.34569346110028,100.600006055902
2098,12,4.2276323872228,52.4250035639852
2099,1,0.734860623267412,40.1250036826241
2099,2,4.10626136516705,105.474997451529
2099,3,6.25436086347028,72.4999987563933
2099,4,10.1611511230469,84.9750126581057
2099,5,15.0539071359942,150.600011064671
2099,6,18.1139002482097,49.3000063695945
2099,7,16.1781338599421,174.249998147388
2099,8,19.0885352350051,127.57500213047
2099,9,15.6157475789388,110.625002393863
2099,10,11.1594438122165,89.6249975929095
2099,11,6.34569346110028,100.600006055902
2099,12,4.2276323872228,52.4250035639852
2100,1,0.734860623267412,40.1250036826241
2100,2,4.10626136516705,105.474997451529
2100,3,6.25436086347028,72.4999987563933
2100,4,10.1611511230469,84.9750126581057
2100,5,15.0539071359942,150.600011064671
2100,6,18.1139002482097,49.3000063695945
2100,7,16.1781338599421,174.249998147388
2100,8,19.0885352350051,127.57500213047
2100,9,15.6157475789388,110.625002393863
2100,10,11.1594438122165,89.6249975929095
2100,11,6.34569346110028,100.600006055902
2100,12,4.2276323872228,52.4250035639852
